,CV_RMSE,TRAIN_RMSE,VAL_RMSE,NOV_RMSE
SVR,0.228815,0.226022,0.215328,0.214363
LR,0.233038,0.230494,0.233947,0.215735
ANN,0.227293,0.224700,0.212053,0.216409
kNN,0.239021,0.210996,0.225449,0.229547
